title,price,rating
A Light in the Attic,Â£51.77,Three
Tipping the Velvet,Â£53.74,One
Soumission,Â£50.10,One
Sharp Objects,Â£47.82,Four
Sapiens: A Brief History of Humankind,Â£54.23,Five
The Requiem Red,Â£22.65,One
The Dirty Little Secrets of Getting Your Dream Job,Â£33.34,Four
"The Coming Woman: A Novel Based on the Life of the Infamous Feminist, Victoria Woodhull",Â£17.93,Three
The Boys in the Boat: Nine Americans and Their Epic Quest for Gold at the 1936 Berlin Olympics,Â£22.60,Four
The Black Maria,Â£52.15,One
"Starving Hearts (Triangular Trade Trilogy, #1)",Â£13.99,Two
Shakespeare's Sonnets,Â£20.66,Four
Set Me Free,Â£17.46,Five
Scott Pilgrim's Precious Little Life (Scott Pilgrim #1),Â£52.29,Five
Rip it Up and Start Again,Â£35.02,Five
"Our Band Could Be Your Life: Scenes from the American Indie Underground, 1981-1991",Â£57.25,Three
Olio,Â£23.88,One
Mesaerion: The Best Science Fiction Stories 1800-1849,Â£37.59,One
Libertarianism for Beginners,Â£51.33,Two
It's Only the Himalayas,Â£45.17,Two
In Her Wake,Â£12.84,One
How Music Works,Â£37.32,Two
"Foolproof Preserving: A Guide to Small Batch Jams, Jellies, Pickles, Condiments, and More: A Foolproof Guide to Making Small Batch Jams, Jellies, Pickles, Condiments, and More",Â£30.52,Three
Chase Me (Paris Nights #2),Â£25.27,Five
Black Dust,Â£34.53,Five
Birdsong: A Story in Pictures,Â£54.64,Three
America's Cradle of Quarterbacks: Western Pennsylvania's Football Factory from Johnny Unitas to Joe Montana,Â£22.50,Three
Aladdin and His Wonderful Lamp,Â£53.13,Three
Worlds Elsewhere: Journeys Around Shakespeareâs Globe,Â£40.30,Five
Wall and Piece,Â£44.18,Four
The Four Agreements: A Practical Guide to Personal Freedom,Â£17.66,Five
The Five Love Languages: How to Express Heartfelt Commitment to Your Mate,Â£31.05,Three
The Elephant Tree,Â£23.82,Five
The Bear and the Piano,Â£36.89,One
Sophie's World,Â£15.94,Five
Penny Maybe,Â£33.29,Three
Maude (1883-1993):She Grew Up with the country,Â£18.02,Two
"In a Dark, Dark Wood",Â£19.63,One
Behind Closed Doors,Â£52.22,Four
You can't bury them all: Poems,Â£33.63,Two
Slow States of Collapse: Poems,Â£57.31,Three
Reasons to Stay Alive,Â£26.41,Two
Private Paris (Private #10),Â£47.61,Five
#HigherSelfie: Wake Up Your Life. Free Your Soul. Find Your Tribe.,Â£23.11,Five
Without Borders (Wanderlove #1),Â£45.07,Two
When We Collided,Â£31.77,One
"We Love You, Charlie Freeman",Â£50.27,Five
Untitled Collection: Sabbath Poems 2014,Â£14.27,Four
"Unseen City: The Majesty of Pigeons, the Discreet Charm of Snails & Other Wonders of the Urban Wilderness",Â£44.18,Four
Unicorn Tracks,Â£18.78,Three
"Unbound: How Eight Technologies Made Us Human, Transformed Society, and Brought Our World to the Brink",Â£25.52,One
Tsubasa: WoRLD CHRoNiCLE 2 (Tsubasa WoRLD CHRoNiCLE #2),Â£16.28,One
Throwing Rocks at the Google Bus: How Growth Became the Enemy of Prosperity,Â£31.12,Three
This One Summer,Â£19.49,Four
Thirst,Â£17.27,Five
The Torch Is Passed: A Harding Family Story,Â£19.09,One
The Secret of Dreadwillow Carse,Â£56.13,One
"The Pioneer Woman Cooks: Dinnertime: Comfort Classics, Freezer Food, 16-Minute Meals, and Other Delicious Ways to Solve Supper!",Â£56.41,One
The Past Never Ends,Â£56.50,Four
The Natural History of Us (The Fine Art of Pretending #2),Â£45.22,Three
The Nameless City (The Nameless City #1),Â£38.16,Four
The Murder That Never Was (Forensic Instincts #5),Â£54.11,Three
The Most Perfect Thing: Inside (and Outside) a Bird's Egg,Â£42.96,Four
"The Mindfulness and Acceptance Workbook for Anxiety: A Guide to Breaking Free from Anxiety, Phobias, and Worry Using Acceptance and Commitment Therapy",Â£23.89,Four
The Life-Changing Magic of Tidying Up: The Japanese Art of Decluttering and Organizing,Â£16.77,Three
"The Inefficiency Assassin: Time Management Tactics for Working Smarter, Not Longer",Â£20.59,Five
The Gutsy Girl: Escapades for Your Life of Epic Adventure,Â£37.13,One
The Electric Pencil: Drawings from Inside State Hospital No. 3,Â£56.06,One
The Death of Humanity: and the Case for Life,Â£58.11,Four
"The Bulletproof Diet: Lose up to a Pound a Day, Reclaim Energy and Focus, Upgrade Your Life",Â£49.05,Three
The Art Forger,Â£40.76,Three
The Age of Genius: The Seventeenth Century and the Birth of the Modern Mind,Â£19.73,One
The Activist's Tao Te Ching: Ancient Advice for a Modern Revolution,Â£32.24,Five
Spark Joy: An Illustrated Master Class on the Art of Organizing and Tidying Up,Â£41.83,Four
Soul Reader,Â£39.58,Two
Security,Â£39.25,Two
"Saga, Volume 6 (Saga (Collected Editions) #6)",Â£25.02,Three
"Saga, Volume 5 (Saga (Collected Editions) #5)",Â£51.04,Two
Reskilling America: Learning to Labor in the Twenty-First Century,Â£19.83,Two
"Rat Queens, Vol. 3: Demons (Rat Queens (Collected Editions) #11-15)",Â£50.40,Three
"Princess Jellyfish 2-in-1 Omnibus, Vol. 01 (Princess Jellyfish 2-in-1 Omnibus #1)",Â£13.61,Five
Princess Between Worlds (Wide-Awake Princess #5),Â£13.34,Five
"Pop Gun War, Volume 1: Gift",Â£18.97,One
"Political Suicide: Missteps, Peccadilloes, Bad Calls, Backroom Hijinx, Sordid Pasts, Rotten Breaks, and Just Plain Dumb Mistakes in the Annals of American Politics",Â£36.28,Two
Patience,Â£10.16,Three
"Outcast, Vol. 1: A Darkness Surrounds Him (Outcast #1)",Â£15.44,Four
orange: The Complete Collection 1 (orange: The Complete Collection #1),Â£48.41,One
Online Marketing for Busy Authors: A Step-By-Step Guide,Â£46.35,One
On a Midnight Clear,Â£14.07,Three
Obsidian (Lux #1),Â£14.86,Two
My Paris Kitchen: Recipes and Stories,Â£33.37,Two
Masks and Shadows,Â£56.40,Two
"Mama Tried: Traditional Italian Cooking for the Screwed, Crude, Vegan, and Tattooed",Â£14.02,Four
"Lumberjanes, Vol. 2: Friendship to the Max (Lumberjanes #5-8)",Â£46.91,Two
"Lumberjanes, Vol. 1: Beware the Kitten Holy (Lumberjanes #1-4)",Â£45.61,Three
Lumberjanes Vol. 3: A Terrible Plan (Lumberjanes #9-12),Â£19.92,Two
"Layered: Baking, Building, and Styling Spectacular Cakes",Â£40.11,One
Judo: Seven Steps to Black Belt (an Introductory Guide for Beginners),Â£53.90,Two
Join,Â£35.67,Five
In the Country We Love: My Family Divided,Â£22.00,Four
Immunity: How Elie Metchnikoff Changed the Course of Modern Medicine,Â£57.36,Five
"I Hate Fairyland, Vol. 1: Madly Ever After (I Hate Fairyland (Compilations) #1-5)",Â£29.17,Two
I am a Hero Omnibus Volume 1,Â£54.63,Three
How to Be Miserable: 40 Strategies You Already Use,Â£46.03,One
Her Backup Boyfriend (The Sorensen Family #1),Â£33.97,One
"Giant Days, Vol. 2 (Giant Days #5-8)",Â£22.11,Two
Forever and Forever: The Courtship of Henry Longfellow and Fanny Appleton,Â£29.69,Three
First and First (Five Boroughs #3),Â£15.97,Four
Fifty Shades Darker (Fifty Shades #2),Â£21.96,One
Everydata: The Misinformation Hidden in the Little Data You Consume Every Day,Â£54.35,Two
"Don't Be a Jerk: And Other Practical Advice from Dogen, Japan's Greatest Zen Master",Â£37.97,Two
Danganronpa Volume 1,Â£51.99,Four
Crown of Midnight (Throne of Glass #2),Â£43.29,Three
"Codename Baboushka, Volume 1: The Conclave of Death",Â£36.72,Four
Camp Midnight,Â£17.08,Four
Call the Nurse: True Stories of a Country Nurse on a Scottish Isle,Â£29.14,Five
Burning,Â£28.81,Three
Bossypants,Â£49.46,Two
"Bitch Planet, Vol. 1: Extraordinary Machine (Bitch Planet (Collected Editions))",Â£37.92,Two
"Avatar: The Last Airbender: Smoke and Shadow, Part 3 (Smoke and Shadow #3)",Â£28.09,Two
Algorithms to Live By: The Computer Science of Human Decisions,Â£30.81,One
A World of Flavor: Your Gluten Free Passport,Â£42.95,One
"A Piece of Sky, a Grain of Rice: A Memoir in Four Meditations",Â£56.76,Five
A Murder in Time,Â£16.64,One
A Flight of Arrows (The Pathfinders #2),Â£55.53,Five
A Fierce and Subtle Poison,Â£28.13,Four
A Court of Thorns and Roses (A Court of Thorns and Roses #1),Â£52.37,One
(Un)Qualified: How God Uses Broken People to Do Big Things,Â£54.00,Five
You Are What You Love: The Spiritual Power of Habit,Â£21.87,Four
"William Shakespeare's Star Wars: Verily, A New Hope (William Shakespeare's Star Wars #4)",Â£43.30,Four
Tuesday Nights in 1980,Â£21.04,Two
Tracing Numbers on a Train,Â£41.60,Three
Throne of Glass (Throne of Glass #1),Â£35.07,Three
Thomas Jefferson and the Tripoli Pirates: The Forgotten War That Changed American History,Â£59.64,One
Thirteen Reasons Why,Â£52.72,One
The White Cat and the Monk: A Retelling of the Poem âPangur BÃ¡nâ,Â£58.08,Four
The Wedding Dress,Â£24.12,One
The Vacationers,Â£42.15,Four
The Third Wave: An Entrepreneurâs Vision of the Future,Â£12.61,Five
The Stranger,Â£17.44,Four
The Shadow Hero (The Shadow Hero),Â£33.14,One
The Secret (The Secret #1),Â£27.37,Four
The Regional Office Is Under Attack!,Â£51.36,Five
The Psychopath Test: A Journey Through the Madness Industry,Â£36.00,Two
The Project,Â£10.65,One
The Power of Now: A Guide to Spiritual Enlightenment,Â£43.54,Two
The Omnivore's Dilemma: A Natural History of Four Meals,Â£38.21,Two
The Nerdy Nummies Cookbook: Sweet Treats for the Geek in All of Us,Â£37.34,Five
The Murder of Roger Ackroyd (Hercule Poirot #4),Â£44.10,Four
The Mistake (Off-Campus #2),Â£43.29,Three
The Matchmaker's Playbook (Wingmen Inc. #1),Â£55.85,One
The Love and Lemons Cookbook: An Apple-to-Zucchini Celebration of Impromptu Cooking,Â£37.60,Two
The Long Shadow of Small Ghosts: Murder and Memory in an American City,Â£10.97,One
The Kite Runner,Â£41.82,Four
The House by the Lake,Â£36.95,One
The Glittering Court (The Glittering Court #1),Â£44.28,One
The Girl on the Train,Â£55.02,Two
The Genius of Birds,Â£17.24,One
The Emerald Mystery,Â£23.15,Two
The Cookies & Cups Cookbook: 125+ sweet & savory recipes reminding you to Always Eat Dessert First,Â£41.25,One
The Bridge to Consciousness: I'm Writing the Bridge Between Science and Our Old and New Beliefs.,Â£32.00,Three
The Artist's Way: A Spiritual Path to Higher Creativity,Â£38.49,Five
The Art of War,Â£33.34,Five
The Argonauts,Â£10.93,Two
The 10% Entrepreneur: Live Your Startup Dream Without Quitting Your Day Job,Â£27.55,Three
Suddenly in Love (Lake Haven #1),Â£55.99,Two
Something More Than This,Â£16.24,Four
Soft Apocalypse,Â£26.12,Two
So You've Been Publicly Shamed,Â£12.23,Two
Shoe Dog: A Memoir by the Creator of NIKE,Â£23.99,Two
"Shobu Samurai, Project Aryoku (#3)",Â£29.06,Three
Secrets and Lace (Fatal Hearts #1),Â£20.27,One
Scarlett Epstein Hates It Here,Â£43.55,Five
Romero and Juliet: A Tragic Tale of Love and Zombies,Â£36.94,One
Redeeming Love,Â£20.47,Five
Poses for Artists Volume 1 - Dynamic and Sitting Poses: An Essential Reference for Figure Drawing and the Human Form,Â£41.06,One
Poems That Make Grown Women Cry,Â£14.19,Four
"Nightingale, Sing",Â£38.28,One
Night Sky with Exit Wounds,Â£41.05,One
Mrs. Houdini,Â£30.25,Five
Modern Romance,Â£28.26,Five
Miss Peregrineâs Home for Peculiar Children (Miss Peregrineâs Peculiar Children #1),Â£10.76,One
Louisa: The Extraordinary Life of Mrs. Adams,Â£16.85,Two
Little Red,Â£13.47,Three
Library of Souls (Miss Peregrineâs Peculiar Children #3),Â£48.56,Five
Large Print Heart of the Pride,Â£19.15,Two
I Had a Nice Time And Other Lies...: How to find love & sh*t like that,Â£57.36,Four
Hollow City (Miss Peregrineâs Peculiar Children #2),Â£42.98,One
Grumbles,Â£22.16,Two
Full Moon over Noahâs Ark: An Odyssey to Mount Ararat and Beyond,Â£49.43,Four
Frostbite (Vampire Academy #2),Â£29.99,Five
Follow You Home,Â£21.36,One
First Steps for New Christians (Print Edition),Â£29.00,One
Finders Keepers (Bill Hodges Trilogy #2),Â£53.53,Five
"Fables, Vol. 1: Legends in Exile (Fables #1)",Â£41.62,Four
Eureka Trivia 6.0,Â£54.59,Four
Drive: The Surprising Truth About What Motivates Us,Â£34.95,Four
Done Rubbed Out (Reightman & Bailey #1),Â£37.72,Five
Doing It Over (Most Likely To #1),Â£35.61,Three
"Deliciously Ella Every Day: Quick and Easy Recipes for Gluten-Free Snacks, Packed Lunches, and Simple Meals",Â£42.16,Three
Dark Notes,Â£19.19,Five
"Daring Greatly: How the Courage to Be Vulnerable Transforms the Way We Live, Love, Parent, and Lead",Â£19.43,Three
Close to You,Â£49.46,Four
Chasing Heaven: What Dying Taught Me About Living,Â£37.80,Two
Big Magic: Creative Living Beyond Fear,Â£30.80,Three
Becoming Wise: An Inquiry into the Mystery and Art of Living,Â£27.43,Two
Beauty Restored (Riley Family Legacy Novellas #3),Â£11.11,Two
Batman: The Long Halloween (Batman),Â£36.50,Two
Batman: The Dark Knight Returns (Batman),Â£15.38,Five
Ayumi's Violin,Â£15.48,Two
Anonymous,Â£46.82,Four
Amy Meets the Saints and Sages,Â£18.46,Three
Amid the Chaos,Â£36.58,One
Amatus,Â£50.54,Five
Agnostic: A Spirited Manifesto,Â£12.51,Five
Zealot: The Life and Times of Jesus of Nazareth,Â£24.70,Three
You (You #1),Â£43.61,Five
"Wonder Woman: Earth One, Volume One (Wonder Woman: Earth One #1)",Â£37.34,Four
Wild Swans,Â£14.36,Two
Why the Right Went Wrong: Conservatism--From Goldwater to the Tea Party and Beyond,Â£52.65,Four
Whole Lotta Creativity Going On: 60 Fun and Unusual Exercises to Awaken and Strengthen Your Creativity,Â£38.20,Four
What's It Like in Space?: Stories from Astronauts Who've Been There,Â£19.60,Two
"We Are Robin, Vol. 1: The Vigilante Business (We Are Robin #1)",Â£53.90,One
Walt Disney's Alice in Wonderland,Â£12.96,Five
V for Vendetta (V for Vendetta Complete),Â£37.10,Four
Until Friday Night (The Field Party #1),Â£46.31,Two
"Unbroken: A World War II Story of Survival, Resilience, and Redemption",Â£45.95,Two
Twenty Yawns,Â£22.08,Two
Through the Woods,Â£25.38,Two
This Is Where It Ends,Â£27.12,Two
The Year of Magical Thinking,Â£43.04,Two
The Wright Brothers,Â£56.80,Four
The White Queen (The Cousins' War #1),Â£25.91,Five
The Wedding Pact (The O'Malleys #2),Â£32.61,Three
The Time Keeper,Â£27.88,Five
The Testament of Mary,Â£52.67,Four
The Star-Touched Queen,Â£46.02,Five
The Songs of the Gods,Â£44.48,Five
The Song of Achilles,Â£37.40,Five
The Rosie Project (Don Tillman #1),Â£54.04,One
The Power of Habit: Why We Do What We Do in Life and Business,Â£16.88,Three
The Marriage of Opposites,Â£28.08,Four
The Lucifer Effect: Understanding How Good People Turn Evil,Â£10.40,One
The Long Haul (Diary of a Wimpy Kid #9),Â£44.07,One
The Loney,Â£23.40,One
The Literature Book (Big Ideas Simply Explained),Â£17.43,Three
The Last Mile (Amos Decker #2),Â£54.21,Two
The Immortal Life of Henrietta Lacks,Â£40.67,Two
The Hidden Oracle (The Trials of Apollo #1),Â£52.26,Two
The Help Yourself Cookbook for Kids: 60 Easy Plant-Based Recipes Kids Can Make to Stay Healthy and Save the Earth,Â£28.77,Three
The Guilty (Will Robie #4),Â£13.82,Two
The First Hostage (J.B. Collins #2),Â£25.85,Three
The Dovekeepers,Â£48.78,One
The Darkest Lie,Â£35.35,Five
The Bane Chronicles (The Bane Chronicles #1-11),Â£44.73,Four
The Bad-Ass Librarians of Timbuktu: And Their Race to Save the Worldâs Most Precious Manuscripts,Â£15.77,One
The 14th Colony (Cotton Malone #11),Â£39.24,One
That Darkness (Gardiner and Renner #1),Â£13.92,One
Tastes Like Fear (DI Marnie Rome #3),Â£10.69,One
Take Me with You,Â£45.21,Three
Swell: A Year of Waves,Â£45.58,One
Superman Vol. 1: Before Truth (Superman by Gene Luen Yang #1),Â£11.89,Five
Still Life with Bread Crumbs,Â£26.41,Three
Steve Jobs,Â£39.50,Five
Sorting the Beef from the Bull: The Science of Food Fraud Forensics,Â£44.74,Four
Someone Like You (The Harrisons #2),Â£52.79,Five
"So Cute It Hurts!!, Vol. 6 (So Cute It Hurts!! #6)",Â£35.43,Four
Shtum,Â£55.84,Four
See America: A Celebration of Our National Parks & Treasured Sites,Â£48.87,Three
salt.,Â£46.78,Four
Robin War,Â£47.82,Three
"Red Hood/Arsenal, Vol. 1: Open for Business (Red Hood/Arsenal #1)",Â£25.48,Two
Rain Fish,Â£23.57,Three
"Quarter Life Poetry: Poems for the Young, Broke and Hangry",Â£50.89,Five
Pet Sematary,Â£10.56,Three
"Overload: How to Unplug, Unwind, and Unleash Yourself from the Pressure of Stress",Â£52.15,Three
Once Was a Time,Â£18.28,Two
Old School (Diary of a Wimpy Kid #10),Â£11.83,Five
No Dream Is Too High: Life Lessons From a Man Who Walked on the Moon,Â£21.95,Two
"Naruto (3-in-1 Edition), Vol. 14: Includes Vols. 40, 41 & 42 (Naruto: Omnibus #14)",Â£38.39,Two
My Name Is Lucy Barton,Â£41.56,One
My Mrs. Brown,Â£24.48,Three
My Kind of Crazy,Â£40.36,One
Mr. Mercedes (Bill Hodges Trilogy #1),Â£28.90,One
More Than Music (Chasing the Dream #1),Â£37.61,Two
Made to Stick: Why Some Ideas Survive and Others Die,Â£38.85,Five
Luis Paints the World,Â£53.95,Three
Luckiest Girl Alive,Â£49.83,Three
Lowriders to the Center of the Earth (Lowriders in Space #2),Â£51.51,Two
Love Is a Mix Tape (Music #1),Â£18.03,One
Looking for Lovely: Collecting the Moments that Matter,Â£29.14,Five
"Living Leadership by Insight: A Good Leader Achieves, a Great Leader Builds Monuments",Â£46.91,Four
Let It Out: A Journey Through Journaling,Â£26.79,Five
Lady Midnight (The Dark Artifices #1),Â£16.28,Five
"It's All Easy: Healthy, Delicious Weeknight Meals in under 30 Minutes",Â£19.55,One
Island of Dragons (Unwanteds #7),Â£29.65,One
I Know What I'm Doing -- and Other Lies I Tell Myself: Dispatches from a Life Under Construction,Â£25.98,Four
I Am Pilgrim (Pilgrim #1),Â£10.60,Four
"Hyperbole and a Half: Unfortunate Situations, Flawed Coping Mechanisms, Mayhem, and Other Things That Happened",Â£14.75,Five
"Hush, Hush (Hush, Hush #1)",Â£47.02,Three
Hold Your Breath (Search and Rescue #1),Â£28.82,One
Hamilton: The Revolution,Â£58.79,Three
Greek Mythic History,Â£10.23,Five
God: The Most Unpleasant Character in All Fiction,Â£30.03,Five
Glory over Everything: Beyond The Kitchen House,Â£45.84,Three
Feathers: Displays of Brilliant Plumage,Â£49.05,Three
"Far & Away: Places on the Brink of Change: Seven Continents, Twenty-Five Years",Â£15.06,Four
Every Last Word,Â£46.47,Three
Eligible (The Austen Project #4),Â£27.09,Three
El Deafo,Â£57.62,Five
Eight Hundred Grapes,Â£14.39,Four
"Eaternity: More than 150 Deliciously Easy Vegan Recipes for a Long, Healthy, Satisfied, Joyful Life",Â£51.75,Five
"Eat Fat, Get Thin",Â£54.07,Two
Don't Get Caught,Â£55.35,One
Doctor Sleep (The Shining #2),Â£40.12,Two
Demigods & Magicians: Percy and Annabeth Meet the Kanes (Percy Jackson & Kane Chronicles Crossover #1-3),Â£37.51,Five
Dear Mr. Knightley,Â£11.21,Five
Daily Fantasy Sports,Â£36.58,One
Crazy Love: Overwhelmed by a Relentless God,Â£47.72,Two
Cometh the Hour (The Clifton Chronicles #6),Â£25.01,Three
Code Name Verity (Code Name Verity #1),Â£22.13,Four
Clockwork Angel (The Infernal Devices #1),Â£44.14,One
City of Glass (The Mortal Instruments #3),Â£56.02,Four
City of Fallen Angels (The Mortal Instruments #4),Â£11.23,Four
City of Bones (The Mortal Instruments #1),Â£43.28,One
City of Ashes (The Mortal Instruments #2),Â£47.27,One
Cell,Â£20.29,Four
Catching Jordan (Hundred Oaks),Â£50.83,Three
"Carry On, Warrior: Thoughts on Life Unarmed",Â£31.85,Three
Carrie,Â£46.23,Two
Buying In: The Secret Dialogue Between What We Buy and Who We Are,Â£37.80,Four
Brain on Fire: My Month of Madness,Â£49.32,Five
Batman: Europa,Â£32.01,Two
Barefoot Contessa Back to Basics,Â£28.01,One
Barefoot Contessa at Home: Everyday Recipes You'll Make Over and Over Again,Â£50.62,Five
Balloon Animals,Â£17.03,Three
Art Ops Vol. 1,Â£48.80,Three
Aristotle and Dante Discover the Secrets of the Universe (Aristotle and Dante Discover the Secrets of the Universe #1),Â£58.14,Four
Angels Walking (Angels Walking #1),Â£34.20,Two
Angels & Demons (Robert Langdon #1),Â£51.48,Three
All the Light We Cannot See,Â£29.87,Five
"Adulthood Is a Myth: A ""Sarah's Scribbles"" Collection",Â£10.90,Two
Abstract City,Â£56.37,Five
A Time of Torment (Charlie Parker #14),Â£48.35,Five
A Study in Scarlet (Sherlock Holmes #1),Â£16.73,Two
"A Series of Catastrophes and Miracles: A True Story of Love, Science, and Cancer",Â£56.48,Two
A People's History of the United States,Â£40.79,Two
A Man Called Ove,Â£39.72,One
A Distant Mirror: The Calamitous 14th Century,Â£14.58,Three
A Brush of Wings (Angels Walking #3),Â£55.51,One
1491: New Revelations of the Americas Before Columbus,Â£21.80,Three
"The Three Searches, Meaning, and the Story",Â£13.33,Three
Searching for Meaning in Gailana,Â£38.73,One
Rook,Â£37.86,Four
My Kitchen Year: 136 Recipes That Saved My Life,Â£11.53,Two
13 Hours: The Inside Account of What Really Happened In Benghazi,Â£27.06,One
Will You Won't You Want Me?,Â£13.86,Three
Tipping Point for Planet Earth: How Close Are We to the Edge?,Â£37.55,One
The Star-Touched Queen,Â£32.30,Five
The Silent Sister (Riley MacPherson #1),Â£46.29,Five
The Midnight Watch: A Novel of the Titanic and the Californian,Â£26.20,One
The Lonely City: Adventures in the Art of Being Alone,Â£33.26,Two
The Gray Rhino: How to Recognize and Act on the Obvious Dangers We Ignore,Â£59.15,Four
The Golden Condom: And Other Essays on Love Lost and Found,Â£39.43,One
The Epidemic (The Program 0.6),Â£14.44,Five
The Dinner Party,Â£56.54,Two
The Diary of a Young Girl,Â£59.90,Three
The Children,Â£11.88,Three
Stars Above (The Lunar Chronicles #4.5),Â£48.05,Two
Snatched: How A Drug Queen Went Undercover for the DEA and Was Kidnapped By Colombian Guerillas,Â£21.21,Three
Raspberry Pi Electronics Projects for the Evil Genius,Â£49.67,Four
Quench Your Own Thirst: Business Lessons Learned Over a Beer or Two,Â£43.14,One
Psycho: Sanitarium (Psycho #1.5),Â£36.97,Five
Poisonous (Max Revere Novels #3),Â£26.80,Three
One with You (Crossfire #5),Â£15.71,Four
No Love Allowed (Dodge Cove #1),Â£54.65,Four
Murder at the 42nd Street Library (Raymond Ambler #1),Â£54.36,Four
Most Wanted,Â£35.28,Three
"Love, Lies and Spies",Â£20.55,Two
How to Speak Golf: An Illustrated Guide to Links Lingo,Â£58.32,Five
Hide Away (Eve Duncan #20),Â£11.84,One
Furiously Happy: A Funny Book About Horrible Things,Â£41.46,Four
Everyday Italian: 125 Simple and Delicious Recipes,Â£20.10,Five
Equal Is Unfair: America's Misguided Fight Against Income Inequality,Â£56.86,One
Eleanor & Park,Â£56.51,Five
Dirty (Dive Bar #1),Â£40.83,Four
Can You Keep a Secret? (Fear Street Relaunch #4),Â£48.64,One
Boar Island (Anna Pigeon #19),Â£59.48,Three
A Paris Apartment,Â£39.01,Four
"A la Mode: 120 Recipes in 60 Pairings: Pies, Tarts, Cakes, Crisps, and More Topped with Ice Cream, Gelato, Frozen Custard, and More",Â£38.77,One
Troublemaker: Surviving Hollywood and Scientology,Â£48.39,Two
The Widow,Â£27.26,Two
"The Sleep Revolution: Transforming Your Life, One Night at a Time",Â£11.68,Four
The Improbability of Love,Â£59.45,One
The Art of Startup Fundraising,Â£21.00,Three
Take Me Home Tonight (Rock Star Romance #3),Â£53.98,Three
Sleeping Giants (Themis Files #1),Â£48.74,One
"Setting the World on Fire: The Brief, Astonishing Life of St. Catherine of Siena",Â£21.15,Two
Playing with Fire,Â£13.71,Three
Off the Hook (Fishing for Trouble #1),Â£47.67,Three
Mothering Sunday,Â£13.34,Two
"Mother, Can You Not?",Â£16.89,Five
M Train,Â£27.18,One
Lilac Girls,Â£17.28,Two
Lies and Other Acts of Love,Â£45.14,One
Lab Girl,Â£40.85,One
Keep Me Posted,Â£20.46,Four
It Didn't Start with You: How Inherited Family Trauma Shapes Who We Are and How to End the Cycle,Â£56.27,Three
Grey (Fifty Shades #4),Â£48.49,Four
"Exit, Pursued by a Bear",Â£51.34,Four
Daredevils,Â£16.34,Three
Cravings: Recipes for What You Want to Eat,Â£20.50,Three
Born for This: How to Find the Work You Were Meant to Do,Â£21.59,Five
Arena,Â£21.36,Four
Adultery,Â£20.88,Five
A Mother's Reckoning: Living in the Aftermath of Tragedy,Â£19.53,Three
A Gentleman's Position (Society of Gentlemen #3),Â£14.75,Five
11/22/63,Â£48.48,Three
"10% Happier: How I Tamed the Voice in My Head, Reduced Stress Without Losing My Edge, and Found Self-Help That Actually Works",Â£24.57,Two
10-Day Green Smoothie Cleanse: Lose Up to 15 Pounds in 10 Days!,Â£49.71,Five
